scenario_name,trials_per_cell,parameter,lower_bound,upper_bound,n_at_lower,n_at_upper,n_simulations,min_estimate,max_estimate
S01_old_lowC,30,C_old,0.01,200.0,0,0,25,28.23865410455331,37.72805841492909
S01_old_lowC,30,K_old,0.5,6.0,0,0,25,3.2425270110576476,3.521259669489989
S01_old_lowC,30,t0_old_s,0.0,0.15,0,0,25,0.012402091359764009,0.01854178416714906
S01_old_lowC,30,C_new,0.01,200.0,0,0,25,28.23864662640766,37.72807341202496
S01_old_lowC,30,K_new,0.5,6.0,0,0,25,3.242527067499255,3.5135436033504908
S01_old_lowC,30,t0_new_s,0.0,0.15,0,0,25,0.012402094562118297,0.0185417864811854
S01_old_lowC,30,cv_C_new,0.0001,2.0,14,0,25,0.0001,0.32585132888804114
S01_old_lowC,30,C_t0var,0.01,200.0,0,0,25,28.90565474729028,37.72784568952092
S01_old_lowC,30,K_t0var,0.5,6.0,0,0,25,3.2411867467970974,3.5212604693564034
S01_old_lowC,30,t0_t0var_s,0.0,0.15,0,0,25,0.012401807405639988,0.020363857291502634
S01_old_lowC,30,sigma_t0_t0var_s,0.0001,0.06,16,0,25,0.0001,0.01205133921878656
S02_old_typical,10,C_old,0.01,200.0,0,0,25,37.22380881596716,49.19685484570814
S02_old_typical,10,K_old,0.5,6.0,0,0,25,3.497709629726609,3.7414460286534896
S02_old_typical,10,t0_old_s,0.0,0.15,0,0,25,0.013071553603110884,0.023045760347709714
S02_old_typical,10,C_new,0.01,200.0,0,0,25,38.159473031331665,57.41049344441526
S02_old_typical,10,K_new,0.5,6.0,0,0,25,3.495121013206268,3.7266605208400874
S02_old_typical,10,t0_new_s,0.0,0.15,0,0,25,0.01369984342969234,0.027259805107470465
S02_old_typical,10,cv_C_new,0.0001,2.0,9,0,25,0.0001,0.44793356092769215
S02_old_typical,10,C_t0var,0.01,200.0,0,0,25,37.22360609265865,51.825786086617576
S02_old_typical,10,K_t0var,0.5,6.0,0,0,25,3.4757356282126057,3.7407827997799763
S02_old_typical,10,t0_t0var_s,0.0,0.15,0,0,25,0.013071186708683204,0.027276030556119327
S02_old_typical,10,sigma_t0_t0var_s,0.0001,0.06,14,0,25,0.0001,0.015935172816321935
S02_old_typical,30,C_old,0.01,200.0,0,0,25,38.899298859632175,49.15144101357074
S02_old_typical,30,K_old,0.5,6.0,0,0,25,3.464611305925013,3.6789076877888256
S02_old_typical,30,t0_old_s,0.0,0.15,0,0,25,0.01618988209721135,0.019259502030564275
S02_old_typical,30,C_new,0.01,200.0,0,0,25,39.84421903839266,49.1514264691924
S02_old_typical,30,K_new,0.5,6.0,0,0,25,3.464611448932442,3.6789077094964124
S02_old_typical,30,t0_new_s,0.0,0.15,0,0,25,0.016341023272688722,0.01931018863212145
S02_old_typical,30,cv_C_new,0.0001,2.0,12,0,25,0.0001,0.2969853311377833
S02_old_typical,30,C_t0var,0.01,200.0,0,0,25,38.89907791383426,49.150973854107995
S02_old_typical,30,K_t0var,0.5,6.0,0,0,25,3.464612241770192,3.6789091294218186
S02_old_typical,30,t0_t0var_s,0.0,0.15,0,0,25,0.01654153642291306,0.022758487179807798
S02_old_typical,30,sigma_t0_t0var_s,0.0001,0.06,20,0,25,0.0001,0.009103691046340567
S03_old_highC,30,C_old,0.01,200.0,0,0,25,48.56727441020787,56.74359815673478
S03_old_highC,30,K_old,0.5,6.0,0,0,25,3.7178187841007175,3.950255159656209
S03_old_highC,30,t0_old_s,0.0,0.15,0,0,25,0.019999999723310048,0.02464566332885579
S03_old_highC,30,C_new,0.01,200.0,0,0,25,48.964107709835964,61.49698851254755
S03_old_highC,30,K_new,0.5,6.0,0,0,25,3.6935145266516995,3.950248503472342
S03_old_highC,30,t0_new_s,0.0,0.15,0,0,25,0.019999999909196927,0.02534954350471742
S03_old_highC,30,cv_C_new,0.0001,2.0,6,0,25,0.0001,0.2864274526674177
S03_old_highC,30,C_t0var,0.01,200.0,0,0,25,48.63481816668972,56.782970470750364
S03_old_highC,30,K_t0var,0.5,6.0,0,0,25,3.717818817405293,3.9497319341023904
S03_old_highC,30,t0_t0var_s,0.0,0.15,0,0,25,0.02011289211890877,0.02465933255468359
S03_old_highC,30,sigma_t0_t0var_s,0.0001,0.06,22,0,25,0.0001,0.0015770740771498554
S04_new_mildVar,30,C_old,0.01,200.0,0,0,25,36.78997174544982,45.29546021135505
S04_new_mildVar,30,K_old,0.5,6.0,0,0,25,3.4911580946551313,3.7149073422550987
S04_new_mildVar,30,t0_old_s,0.0,0.15,0,0,25,0.016646060498012278,0.01962200281116915
S04_new_mildVar,30,C_new,0.01,200.0,0,0,25,36.78996005124048,46.83147774364402
S04_new_mildVar,30,K_new,0.5,6.0,0,0,25,3.489387770059436,3.7149071346430063
S04_new_mildVar,30,t0_new_s,0.0,0.15,0,0,25,0.016646068896022218,0.019660078478722955
S04_new_mildVar,30,cv_C_new,0.0001,2.0,5,0,25,0.0001,0.37325521465316136
S04_new_mildVar,30,C_t0var,0.01,200.0,0,0,25,36.789781037445884,45.295105963495374
S04_new_mildVar,30,K_t0var,0.5,6.0,0,0,25,3.4911592706790517,3.7094470245411055
S04_new_mildVar,30,t0_t0var_s,0.0,0.15,0,0,25,0.017078662261109902,0.023324548528273287
S04_new_mildVar,30,sigma_t0_t0var_s,0.0001,0.06,18,0,25,0.0001,0.012162277612274033
S05_new_moderateVar,10,C_old,0.01,200.0,0,0,25,34.27628970468453,46.21219909640186
S05_new_moderateVar,10,K_old,0.5,6.0,0,0,25,3.362471883382212,3.762373562998275
S05_new_moderateVar,10,t0_old_s,0.0,0.15,0,0,25,0.014148425709782194,0.020000000001275383
S05_new_moderateVar,10,C_new,0.01,200.0,0,0,25,36.39230219419604,53.59502927243236
S05_new_moderateVar,10,K_new,0.5,6.0,0,0,25,3.358515117585169,3.7547995248930683
S05_new_moderateVar,10,t0_new_s,0.0,0.15,0,0,25,0.014350306679148139,0.020000000051371605
S05_new_moderateVar,10,cv_C_new,0.0001,2.0,4,0,25,0.0001,0.5638852295584611
S05_new_moderateVar,10,C_t0var,0.01,200.0,0,0,25,34.25004659988428,50.30575886252742
S05_new_moderateVar,10,K_t0var,0.5,6.0,0,0,25,3.3624725008001017,3.76237464558584
S05_new_moderateVar,10,t0_t0var_s,0.0,0.15,0,0,25,0.014148066399249598,0.028807067662652838
S05_new_moderateVar,10,sigma_t0_t0var_s,0.0001,0.06,16,0,25,0.0001,0.023379933545395085
S05_new_moderateVar,30,C_old,0.01,200.0,0,0,25,34.036646563475195,42.77478966618711
S05_new_moderateVar,30,K_old,0.5,6.0,0,0,25,3.4673166234875774,3.7415885382010226
S05_new_moderateVar,30,t0_old_s,0.0,0.15,0,0,25,0.01555630991194477,0.019598129312245853
S05_new_moderateVar,30,C_new,0.01,200.0,0,0,25,35.735338922437464,49.18131229033789
S05_new_moderateVar,30,K_new,0.5,6.0,0,0,25,3.434890177134555,3.728784031807716
S05_new_moderateVar,30,t0_new_s,0.0,0.15,0,0,25,0.015926224707765668,0.019637551887759053
S05_new_moderateVar,30,cv_C_new,0.0001,2.0,0,0,25,0.09951534500470528,0.48154588314870456
S05_new_moderateVar,30,C_t0var,0.01,200.0,0,0,25,34.03649803963792,42.774499583904245
S05_new_moderateVar,30,K_t0var,0.5,6.0,0,0,25,3.4673172951952385,3.7209128130730122
S05_new_moderateVar,30,t0_t0var_s,0.0,0.15,0,0,25,0.016108195748013858,0.022144603197204342
S05_new_moderateVar,30,sigma_t0_t0var_s,0.0001,0.06,16,0,25,0.0001,0.01789443831724394
S06_new_strongVar,10,C_old,0.01,200.0,0,0,25,29.014904630508813,43.51015018287976
S06_new_strongVar,10,K_old,0.5,6.0,0,0,25,3.518524387452414,3.901479279167581
S06_new_strongVar,10,t0_old_s,0.0,0.15,0,0,25,0.012462035922178089,0.0199999999974345
S06_new_strongVar,10,C_new,0.01,200.0,0,0,25,31.10513027780459,58.23002549645301
S06_new_strongVar,10,K_new,0.5,6.0,0,0,25,3.4690538909536524,3.783958768158128
S06_new_strongVar,10,t0_new_s,0.0,0.15,0,0,25,0.01363582155360122,0.0251618241339141
S06_new_strongVar,10,cv_C_new,0.0001,2.0,1,0,25,0.0001,0.6630585134116305
S06_new_strongVar,10,C_t0var,0.01,200.0,0,0,25,29.014819883898454,45.621756920839715
S06_new_strongVar,10,K_t0var,0.5,6.0,0,0,25,3.518037699263631,3.8580445768823424
S06_new_strongVar,10,t0_t0var_s,0.0,0.15,0,0,25,0.012159658159116982,0.026557735190234216
S06_new_strongVar,10,sigma_t0_t0var_s,0.0001,0.06,13,0,25,0.0001,0.0317825205032045
S06_new_strongVar,30,C_old,0.01,200.0,0,0,25,31.671882824319606,39.0096799000337
S06_new_strongVar,30,K_old,0.5,6.0,0,0,25,3.495206300934495,3.7959568495195533
S06_new_strongVar,30,t0_old_s,0.0,0.15,0,0,25,0.01271056773158497,0.018848353350695974
S06_new_strongVar,30,C_new,0.01,200.0,0,0,25,37.325992433150546,46.605574744658774
S06_new_strongVar,30,K_new,0.5,6.0,0,0,25,3.4537757505005198,3.7232272422565975
S06_new_strongVar,30,t0_new_s,0.0,0.15,0,0,25,0.016305456073223902,0.019244740265562124
S06_new_strongVar,30,cv_C_new,0.0001,2.0,0,0,25,0.28360390110384803,0.5499112651987059
S06_new_strongVar,30,C_t0var,0.01,200.0,0,0,25,31.51973025479994,39.00947974835625
S06_new_strongVar,30,K_t0var,0.5,6.0,0,0,25,3.4940429697044277,3.795958129721323
S06_new_strongVar,30,t0_t0var_s,0.0,0.15,0,0,25,0.012329884219842262,0.01884805398321075
S06_new_strongVar,30,sigma_t0_t0var_s,0.0001,0.06,12,0,25,0.0001,0.01177137632930111
S07_t0var_moderate,30,C_old,0.01,200.0,0,0,25,36.01674249614238,43.36284143096923
S07_t0var_moderate,30,K_old,0.5,6.0,0,0,25,3.5221322938388306,3.754909044501668
S07_t0var_moderate,30,t0_old_s,0.0,0.15,0,0,25,0.011470050563799374,0.01840242162740276
S07_t0var_moderate,30,C_new,0.01,200.0,0,0,25,36.227219290186305,43.850051607814635
S07_t0var_moderate,30,K_new,0.5,6.0,0,0,25,3.519606333761458,3.7549092023999138
S07_t0var_moderate,30,t0_new_s,0.0,0.15,0,0,25,0.011470058950976051,0.018402425760729008
S07_t0var_moderate,30,cv_C_new,0.0001,2.0,13,0,25,0.0001,0.33567232548824305
S07_t0var_moderate,30,C_t0var,0.01,200.0,0,0,25,36.01667803550123,47.16367122406843
S07_t0var_moderate,30,K_t0var,0.5,6.0,0,0,25,3.5131728527317008,3.7502253935631753
S07_t0var_moderate,30,t0_t0var_s,0.0,0.15,0,0,25,0.011470087141351153,0.023735473584921313
S07_t0var_moderate,30,sigma_t0_t0var_s,0.0001,0.06,6,0,25,0.0001,0.01889710036108558
S08_t0var_strong,10,C_old,0.01,200.0,0,0,25,32.05385330234948,43.849355049789985
S08_t0var_strong,10,K_old,0.5,6.0,0,0,25,3.4414734886193235,3.8881200164425898
S08_t0var_strong,10,t0_old_s,0.0,0.15,0,0,25,0.004759105007774536,0.018880272839498013
S08_t0var_strong,10,C_new,0.01,200.0,0,0,25,32.426244437007114,49.654713841493034
S08_t0var_strong,10,K_new,0.5,6.0,0,0,25,3.418727208079304,3.8881198401335295
S08_t0var_strong,10,t0_new_s,0.0,0.15,0,0,25,0.004864111220108622,0.019088600180465584
S08_t0var_strong,10,cv_C_new,0.0001,2.0,15,0,25,0.0001,0.6459889161238676
S08_t0var_strong,10,C_t0var,0.01,200.0,0,0,25,34.754640472511596,58.39229536953041
S08_t0var_strong,10,K_t0var,0.5,6.0,0,0,25,3.3961892567071343,3.833415550983969
S08_t0var_strong,10,t0_t0var_s,0.0,0.15,0,0,25,0.008689341835665792,0.03275471916797334
S08_t0var_strong,10,sigma_t0_t0var_s,0.0001,0.06,1,0,25,0.0001,0.035967149444123304
S08_t0var_strong,30,C_old,0.01,200.0,0,0,25,34.40510949290305,40.810336114844816
S08_t0var_strong,30,K_old,0.5,6.0,0,0,25,3.545036567679416,3.767558468711478
S08_t0var_strong,30,t0_old_s,0.0,0.15,0,0,25,0.008087064992062139,0.015400403276214966
S08_t0var_strong,30,C_new,0.01,200.0,0,0,25,35.798084482326246,46.37324492298974
S08_t0var_strong,30,K_new,0.5,6.0,0,0,25,3.504779512342522,3.721270566655278
S08_t0var_strong,30,t0_new_s,0.0,0.15,0,0,25,0.008351795425301824,0.016060789934556816
S08_t0var_strong,30,cv_C_new,0.0001,2.0,3,0,25,0.0001,0.519147569382816
S08_t0var_strong,30,C_t0var,0.01,200.0,0,0,25,38.057685345903074,48.933186722399576
S08_t0var_strong,30,K_t0var,0.5,6.0,0,0,25,3.4924940516389635,3.723396627943035
S08_t0var_strong,30,t0_t0var_s,0.0,0.15,0,0,25,0.011428772439063654,0.023768430149520767
S08_t0var_strong,30,sigma_t0_t0var_s,0.0001,0.06,0,0,25,0.014067431107823346,0.03074304304420678
